{"cameraMode":{"drawMode":0,"name":"Shaded","section":"Shading Mode"},"sceneLighting":true,"audioPlay":false,"sceneViewState":{"m_AlwaysRefresh":false,"showFog":true,"showSkybox":true,"showFlares":true,"showImageEffects":true,"showParticleSystems":true,"showVisualEffectGraphs":true,"m_FxEnabled":true},"in2DMode":false,"pivot":{"x":-42.85146713256836,"y":89.09393310546875,"z":-1.2477836608886719},"rotation":{"x":0.14292992651462556,"y":0.17711064219474793,"z":-0.026089385151863099,"w":0.9733778834342957},"size":77.95193481445313,"orthographic":false}