{"cameraMode":{"drawMode":0,"name":"Shaded","section":"Shading Mode"},"sceneLighting":true,"audioPlay":false,"sceneViewState":{"m_AlwaysRefresh":false,"showFog":true,"showSkybox":true,"showFlares":true,"showImageEffects":true,"showParticleSystems":true,"showVisualEffectGraphs":true,"m_FxEnabled":true},"in2DMode":false,"pivot":{"x":-0.019999995827674867,"y":115.51000213623047,"z":-6.019999980926514},"rotation":{"x":-0.11272618919610977,"y":-0.5241055488586426,"z":0.06864500790834427,"w":-0.8417860269546509},"size":1.658312439918518,"orthographic":false}